﻿LocationId,LocationCity,CountryId,LocationState
101,New York City,840,New York
103,Chicago,840,Illinois
105,Phoenix,840,Arizona
106,Philadelphia,840,Pennsylvania
112,Jacksonville,840,Florida
113,Columbus,840,Ohio
115,Charlotte,840,North Carolina
116,Indianapolis,840,Indiana
117,Seattle,840,Washington
118,Oklahoma City,840,Oklahoma
119,Denver,840,Colorado
122,Las Vegas,840,Nevada
123,Nashville,840,Tennessee
124,Memphis,840,Tennessee
125,Louisville,840,Kentucky
126,Detroit,840,Michigan
127,Washington,840,District of Columbia
128,Portland,840,Oregon
129,Boston,840,Massachusetts
130,Baltimore,840,Maryland
131,Albuquerque,840,New Mexico
133,Milwaukee,840,Wisconsin
134,Tucson,840,Arizona
136,Mesa,840,Arizona
137,Kansas City,840,Missouri
138,Colorado Springs,840,Colorado
139,Atlanta,840,Georgia
140,Jacksonburg,840,Ohio
141,Omaha,840,Nebraska
142,Raleigh,840,North Carolina
143,Virginia Beach,840,Virginia
144,Miami,840,Florida
148,Minneapolis,840,Minnesota
149,Tulsa,840,Oklahoma
150,Aurora,840,Colorado
151,Tampa,840,Florida
152,Wichita,840,Kansas
154,New Orleans,840,Louisiana
155,Cleveland,840,Ohio
157,Honolulu,840,Hawaii
158,Henderson,840,Nevada
161,Lexington,840,Kentucky
164,Orlando,840,Florida
166,North Las Vegas,840,Nevada
167,Cincinnati,840,Ohio
168,Greensboro,840,North Carolina
169,Newark,840,New Jersey
170,Lincoln,840,Nebraska
171,St. Paul,840,Minnesota
172,Pittsburgh,840,Pennsylvania
174,Durham,840,North Carolina
175,Gilbert,840,Arizona
176,Chandler,840,Arizona
177,Reno,840,Nevada
178,Anchorage,840,Alaska
180,Buffalo,840,New York
181,St. Louis,840,Missouri
182,Fort Wayne,840,Indiana
184,Madison,840,Wisconsin
185,Toledo,840,Ohio
186,Jersey City,840,New Jersey
188,St. Petersburg,840,Florida
189,Chesapeake,840,Virginia
190,Port St. Lucie,840,Florida
191,Winston-Salem,840,North Carolina
192,Glendale,840,Arizona
194,Scottsdale,840,Arizona
195,Boise,840,Idaho
198,Cape Coral,840,Florida
199,Spokane,840,Washington
200,Norfolk,840,Virginia
201,Richmond,840,Virginia
203,Huntsville,840,Alabama
207,Tacoma,840,Washington
209,Hialeah,840,Florida
211,Baton Rouge,840,Louisiana
213,Rochester,840,New York
214,Fayetteville,840,North Carolina
215,Des Moines,840,Iowa
216,Sioux Falls,840,South Dakota
217,Yonkers,840,New York
218,Worcester,840,Massachusetts
219,Peoria,840,Arizona
220,Salt Lake City,840,Utah
222,Columbus,840,Georgia
224,Little Rock,840,Arkansas
226,Tallahassee,840,Florida
227,Augusta,840,Georgia
228,Knoxville,840,Tennessee
229,Overland Park,840,Kansas
230,Vancouver,840,Washington
231,Grand Rapids,840,Michigan
232,Montgomery,840,Alabama
233,Tempe,840,Arizona
236,Birmingham,840,Alabama
237,Providence,840,Rhode Island
238,Akron,840,Ohio
240,Salem,840,Oregon
241,Chattanooga,840,Tennessee
243,Clarksville,840,Tennessee
244,Cary,840,North Carolina
246,Newport News,840,Virginia
247,Mobile,840,Alabama
248,Fort Lauderdale,840,Florida
250,Aurora,840,Illinois
251,Eugene,840,Oregon
252,Shreveport,840,Louisiana
254,Murfreesboro,840,Tennessee
255,Springfield,840,Missouri
258,Fort Collins,840,Colorado
262,Pembroke Pines,840,Florida
263,Surprise,840,Arizona
267,Lakewood,840,Colorado
269,Charleston,840,South Carolina
270,Paterson,840,New Jersey
271,Springfield,840,Massachusetts
272,Joliet,840,Illinois
273,Hollywood,840,Florida
275,Kansas City,840,Kansas
278,Naperville,840,Illinois
279,Bridgeport,840,Connecticut
280,Olathe,840,Kansas
281,Meridian,840,Idaho
283,Savannah,840,Georgia
284,Rockford,840,Illinois
285,Thornton,840,Colorado
287,Syracuse,840,New York
288,Bellevue,840,Washington
289,Alexandria,840,Virginia
292,Gainesville,840,Florida
293,Jackson,840,Mississippi
297,Hampton,840,Virginia
298,New Haven,840,Connecticut
299,Columbia,840,South Carolina
300,Stamford,840,Connecticut
302,Miramar,840,Florida
303,Dayton,840,Ohio
304,West Valley City,840,Utah
305,Warren,840,Michigan
308,Cedar Rapids,840,Iowa
311,Palm Bay,840,Florida
312,Elizabeth,840,New Jersey
313,Sterling Heights,840,Michigan
314,Norman,840,Oklahoma
316,Columbia,840,Missouri
317,Buckeye,840,Arizona
318,Kent,840,Washington
319,Fargo,840,North Dakota
320,Coral Springs,840,Florida
322,Athens,840,Georgia
325,Allentown,840,Pennsylvania
329,Topeka,840,Kansas
332,Lakeland,840,Florida
333,Broken Arrow,840,Oklahoma
335,Nampa,840,Idaho
336,North Charleston,840,South Carolina
337,Wilmington,840,North Carolina
339,Rochester,840,Minnesota
340,Lafayette,840,Louisiana
342,Arvada,840,Colorado
343,Independence,840,Missouri
344,Hartford,840,Connecticut
346,Goodyear,840,Arizona
347,Billings,840,Montana
348,Ann Arbor,840,Michigan
351,West Palm Beach,840,Florida
353,Las Cruces,840,New Mexico
355,Manchester,840,New Hampshire
356,Clearwater,840,Florida
357,Cambridge,840,Massachusetts
359,High Point,840,North Carolina
360,West Jordan,840,Utah
361,Evansville,840,Indiana
362,Provo,840,Utah
364,Concord,840,North Carolina
367,Pueblo,840,Colorado
368,St. George,840,Utah
369,Waterbury,840,Connecticut
370,Spokane Valley,840,Washington
371,Fort Myers,840,Florida
372,Lansing,840,Michigan
374,Sparks,840,Nevada
375,Elgin,840,Illinois
377,Springfield,840,Illinois
378,Rio Rancho,840,New Mexico
380,Everett,840,Washington
382,Lowell,840,Massachusetts
383,Miami Gardens,840,Florida
385,Bend,840,Oregon
386,Pompano Beach,840,Florida
387,Westminster,840,Colorado
389,Greeley,840,Colorado
390,Gresham,840,Oregon
392,Peoria,840,Illinois
396,Palm Coast,840,Florida
397,Green Bay,840,Wisconsin
398,Fishers,840,Indiana
399,Lee's Summit,840,Missouri
400,Hillsboro,840,Oregon
104,Houston,840,Texas
107,San Antonio,840,Texas
109,Dallas,840,Texas
110,Fort Worth,840,Texas
111,Austin,840,Texas
120,El Paso,840,Texas
153,Arlington,840,Texas
162,Corpus Christi,840,Texas
173,Plano,840,Texas
183,Lubbock,840,Texas
187,Laredo,840,Texas
193,Irving,840,Texas
196,Frisco,840,Texas
197,Garland,840,Texas
204,McKinney,840,Texas
221,Amarillo,840,Texas
225,Grand Prairie,840,Texas
234,Brownsville,840,Texas
257,Denton,840,Texas
261,Killeen,840,Texas
277,McAllen,840,Texas
286,Waco,840,Texas
291,Mesquite,840,Texas
294,Pasadena,840,Texas
306,Round Rock,840,Texas
310,Carrollton,840,Texas
323,Midland,840,Texas
326,Pearland,840,Texas
327,Abilene,840,Texas
328,New Braunfels,840,Texas
330,College Station,840,Texas
349,League City,840,Texas
358,Lewisville,840,Texas
373,Richardson,840,Texas
376,Tyler,840,Texas
379,Allen,840,Texas
384,Edinburg,840,Texas
394,Beaumont,840,Texas
395,Conroe,840,Texas
102,Los Angeles,840,California
108,San Diego,840,California
114,San Jose,840,California
121,San Francisco,840,California
132,Fresno,840,California
135,Sacramento,840,California
145,Long Beach,840,California
146,Bakersfield,840,California
147,Oakland,840,California
156,Anaheim,840,California
159,Stockton,840,California
160,Riverside,840,California
163,Irvine,840,California
165,Santa Ana,840,California
179,Chula Vista,840,California
202,San Bernardino,840,California
205,Modesto,840,California
206,Moreno Valley,840,California
208,Fontana,840,California
210,Fremont,840,California
212,Santa Clarita,840,California
223,Oxnard,840,California
235,Huntington Beach,840,California
239,Ontario,840,California
242,Elk Grove,840,California
245,Glendale,840,California
249,Rancho Cucamonga,840,California
253,Santa Rosa,840,California
256,Oceanside,840,California
259,Garden Grove,840,California
260,Corona,840,California
264,Roseville,840,California
265,Lancaster,840,California
266,Salinas,840,California
268,Palmdale,840,California
274,Hayward,840,California
276,Escondido,840,California
282,Visalia,840,California
290,Sunnyvale,840,California
295,Pomona,840,California
296,Victorville,840,California
301,Fullerton,840,California
307,Torrance,840,California
309,Orange,840,California
315,Clovis,840,California
321,Pasadena,840,California
324,Santa Clara,840,California
331,Simi Valley,840,California
334,Thousand Oaks,840,California
338,Vallejo,840,California
341,Concord,840,California
345,Fairfield,840,California
350,Murrieta,840,California
352,Menifee,840,California
354,Carlsbad,840,California
363,Richmond,840,California
365,Antioch,840,California
366,Temecula,840,California
381,Berkeley,840,California
388,Santa Maria,840,California
391,Ventura,840,California
393,Costa Mesa,840,California
