﻿CountryId,IsoCountryName,Iso2LetterCountryCode,Iso3LetterCountryCode
4,The Islamic Republic of Afghanistan,AF,AFG
248,Åland,AX,ALA
8,The Republic of Albania,AL,ALB
12,The People's Democratic Republic of Algeria,DZ,DZA
16,The Territory of American Samoa,AS,ASM
20,The Principality of Andorra,AD,AND
24,The Republic of Angola,AO,AGO
660,Anguilla,AI,AIA
28,Antigua and Barbuda,AG,ATG
32,The Argentine Republic,AR,ARG
51,The Republic of Armenia,AM,ARM
533,Aruba,AW,ABW
36,The Commonwealth of Australia,AU,AUS
40,The Republic of Austria,AT,AUT
31,The Republic of Azerbaijan,AZ,AZE
44,The Commonwealth of The Bahamas,BS,BHS
48,The Kingdom of Bahrain,BH,BHR
50,The People's Republic of Bangladesh,BD,BGD
52,Barbados,BB,BRB
112,The Republic of Belarus,BY,BLR
56,The Kingdom of Belgium,BE,BEL
84,Belize,BZ,BLZ
204,The Republic of Benin,BJ,BEN
60,Bermuda,BM,BMU
64,The Kingdom of Bhutan,BT,BTN
68,The Plurinational State of Bolivia,BO,BOL
535,"Bonaire, Sint Eustatius and Saba",BQ,BES
70,Bosnia and Herzegovina,BA,BIH
72,The Republic of Botswana,BW,BWA
74,Bouvet Island,BV,BVT
76,The Federative Republic of Brazil,BR,BRA
86,The British Indian Ocean Territory,IO,IOT
96,"The Nation of Brunei, the Abode of Peace",BN,BRN
100,The Republic of Bulgaria,BG,BGR
854,Burkina Faso,BF,BFA
108,The Republic of Burundi,BI,BDI
132,The Republic of Cabo Verde,CV,CPV
116,The Kingdom of Cambodia,KH,KHM
120,The Republic of Cameroon,CM,CMR
124,Canada,CA,CAN
136,The Cayman Islands,KY,CYM
140,The Central African Republic,CF,CAF
148,The Republic of Chad,TD,TCD
152,The Republic of Chile,CL,CHL
156,The People's Republic of China,CN,CHN
162,The Territory of Christmas Island,CX,CXR
166,The Territory of Cocos (Keeling) Islands,CC,CCK
170,The Republic of Colombia,CO,COL
174,The Union of the Comoros,KM,COM
180,The Democratic Republic of the Congo,CD,COD
178,The Republic of the Congo,CG,COG
184,The Cook Islands,CK,COK
188,The Republic of Costa Rica,CR,CRI
384,The Republic of Côte d'Ivoire,CI,CIV
191,The Republic of Croatia,HR,HRV
192,The Republic of Cuba,CU,CUB
531,The Country of Curaçao,CW,CUW
196,The Republic of Cyprus,CY,CYP
203,The Czech Republic,CZ,CZE
208,The Kingdom of Denmark,DK,DNK
262,The Republic of Djibouti,DJ,DJI
212,The Commonwealth of Dominica,DM,DMA
214,The Dominican Republic,DO,DOM
218,The Republic of Ecuador,EC,ECU
818,The Arab Republic of Egypt,EG,EGY
222,The Republic of El Salvador,SV,SLV
226,The Republic of Equatorial Guinea,GQ,GNQ
232,The State of Eritrea,ER,ERI
233,The Republic of Estonia,EE,EST
748,The Kingdom of Eswatini,SZ,SWZ
231,The Federal Democratic Republic of Ethiopia,ET,ETH
238,The Falkland Islands,FK,FLK
234,The Faroe Islands,FO,FRO
242,The Republic of Fiji,FJ,FJI
246,The Republic of Finland,FI,FIN
250,The French Republic,FR,FRA
254,Guyane,GF,GUF
258,French Polynesia,PF,PYF
260,The French Southern and Antarctic Lands,TF,ATF
266,The Gabonese Republic,GA,GAB
270,The Republic of The Gambia,GM,GMB
268,Georgia,GE,GEO
276,The Federal Republic of Germany,DE,DEU
288,The Republic of Ghana,GH,GHA
292,Gibraltar,GI,GIB
300,The Hellenic Republic,GR,GRC
304,Kalaallit Nunaat,GL,GRL
308,Grenada,GD,GRD
312,Guadeloupe,GP,GLP
316,The Territory of Guam,GU,GUM
320,The Republic of Guatemala,GT,GTM
831,The Bailiwick of Guernsey,GG,GGY
324,The Republic of Guinea,GN,GIN
624,The Republic of Guinea-Bissau,GW,GNB
328,The Co-operative Republic of Guyana,GY,GUY
332,The Republic of Haiti,HT,HTI
334,The Territory of Heard Island and McDonald Islands,HM,HMD
336,The Holy See,VA,VAT
340,The Republic of Honduras,HN,HND
344,The Hong Kong Special Administrative Region of China[10],HK,HKG
348,Hungary,HU,HUN
352,Iceland,IS,ISL
356,The Republic of India,IN,IND
360,The Republic of Indonesia,ID,IDN
364,The Islamic Republic of Iran,IR,IRN
368,The Republic of Iraq,IQ,IRQ
372,Ireland,IE,IRL
833,The Isle of Man,IM,IMN
376,The State of Israel,IL,ISR
380,The Italian Republic,IT,ITA
388,Jamaica,JM,JAM
392,Japan,JP,JPN
832,The Bailiwick of Jersey,JE,JEY
400,The Hashemite Kingdom of Jordan,JO,JOR
398,The Republic of Kazakhstan,KZ,KAZ
404,The Republic of Kenya,KE,KEN
296,The Republic of Kiribati,KI,KIR
408,The Democratic People's Republic of Korea,KP,PRK
410,The Republic of Korea,KR,KOR
414,The State of Kuwait,KW,KWT
417,The Kyrgyz Republic,KG,KGZ
418,The Lao People's Democratic Republic,LA,LAO
428,The Republic of Latvia,LV,LVA
422,The Lebanese Republic,LB,LBN
426,The Kingdom of Lesotho,LS,LSO
430,The Republic of Liberia,LR,LBR
434,The State of Libya,LY,LBY
438,The Principality of Liechtenstein,LI,LIE
440,The Republic of Lithuania,LT,LTU
442,The Grand Duchy of Luxembourg,LU,LUX
446,The Macao Special Administrative Region of China[11],MO,MAC
450,The Republic of Madagascar,MG,MDG
454,The Republic of Malawi,MW,MWI
458,Malaysia,MY,MYS
462,The Republic of Maldives,MV,MDV
466,The Republic of Mali,ML,MLI
470,The Republic of Malta,MT,MLT
584,The Republic of the Marshall Islands,MH,MHL
474,Martinique,MQ,MTQ
478,The Islamic Republic of Mauritania,MR,MRT
480,The Republic of Mauritius,MU,MUS
175,The Department of Mayotte,YT,MYT
484,The United Mexican States,MX,MEX
583,The Federated States of Micronesia,FM,FSM
498,The Republic of Moldova,MD,MDA
492,The Principality of Monaco,MC,MCO
496,Mongolia,MN,MNG
499,Montenegro,ME,MNE
500,Montserrat,MS,MSR
504,The Kingdom of Morocco,MA,MAR
508,The Republic of Mozambique,MZ,MOZ
104,The Republic of the Union of Myanmar,MM,MMR
516,The Republic of Namibia,NA,NAM
520,The Republic of Nauru,NR,NRU
524,The Federal Democratic Republic of Nepal,NP,NPL
528,The Kingdom of the Netherlands,NL,NLD
540,New Caledonia,NC,NCL
554,New Zealand,NZ,NZL
558,The Republic of Nicaragua,NI,NIC
562,The Republic of the Niger,NE,NER
566,The Federal Republic of Nigeria,NG,NGA
570,Niue,NU,NIU
574,The Territory of Norfolk Island,NF,NFK
807,The Republic of North Macedonia[12],MK,MKD
580,The Commonwealth of the Northern Mariana Islands,MP,MNP
578,The Kingdom of Norway,NO,NOR
512,The Sultanate of Oman,OM,OMN
586,The Islamic Republic of Pakistan,PK,PAK
585,The Republic of Palau,PW,PLW
275,The State of Palestine,PS,PSE
591,The Republic of Panamá,PA,PAN
598,The Independent State of Papua New Guinea,PG,PNG
600,The Republic of Paraguay,PY,PRY
604,The Republic of Perú,PE,PER
608,The Republic of the Philippines,PH,PHL
612,"The Pitcairn, Henderson, Ducie and Oeno Islands",PN,PCN
616,The Republic of Poland,PL,POL
620,The Portuguese Republic,PT,PRT
630,The Commonwealth of Puerto Rico,PR,PRI
634,The State of Qatar,QA,QAT
638,Réunion,RE,REU
642,Romania,RO,ROU
643,The Russian Federation,RU,RUS
646,The Republic of Rwanda,RW,RWA
652,The Collectivity of Saint-Barthélemy,BL,BLM
654,"Saint Helena, Ascension and Tristan da Cunha",SH,SHN
659,Saint Kitts and Nevis,KN,KNA
662,Saint Lucia,LC,LCA
663,The Collectivity of Saint-Martin,MF,MAF
666,The Overseas Collectivity of Saint-Pierre and Miquelon,PM,SPM
670,Saint Vincent and the Grenadines,VC,VCT
882,The Independent State of Samoa,WS,WSM
674,The Republic of San Marino,SM,SMR
678,The Democratic Republic of São Tomé and Príncipe,ST,STP
682,The Kingdom of Saudi Arabia,SA,SAU
686,The Republic of Senegal,SN,SEN
688,The Republic of Serbia,RS,SRB
690,The Republic of Seychelles,SC,SYC
694,The Republic of Sierra Leone,SL,SLE
702,The Republic of Singapore,SG,SGP
534,Sint Maarten,SX,SXM
703,The Slovak Republic,SK,SVK
705,The Republic of Slovenia,SI,SVN
90,The Solomon Islands,SB,SLB
706,The Federal Republic of Somalia,SO,SOM
710,The Republic of South Africa,ZA,ZAF
239,South Georgia and the South Sandwich Islands,GS,SGS
728,The Republic of South Sudan,SS,SSD
724,The Kingdom of Spain,ES,ESP
144,The Democratic Socialist Republic of Sri Lanka,LK,LKA
729,The Republic of the Sudan,SD,SDN
740,The Republic of Suriname,SR,SUR
744,Svalbard and Jan Mayen,SJ,SJM
752,The Kingdom of Sweden,SE,SWE
756,The Swiss Confederation,CH,CHE
760,The Syrian Arab Republic,SY,SYR
158,The Republic of China,TW,TWN
762,The Republic of Tajikistan,TJ,TJK
834,The United Republic of Tanzania,TZ,TZA
764,The Kingdom of Thailand,TH,THA
626,The Democratic Republic of Timor-Leste,TL,TLS
768,The Togolese Republic,TG,TGO
772,Tokelau,TK,TKL
776,The Kingdom of Tonga,TO,TON
780,The Republic of Trinidad and Tobago,TT,TTO
788,The Republic of Tunisia,TN,TUN
792,The Republic of Türkiye,TR,TUR
795,Turkmenistan,TM,TKM
796,The Turks and Caicos Islands,TC,TCA
798,Tuvalu,TV,TUV
800,The Republic of Uganda,UG,UGA
804,Ukraine,UA,UKR
784,The United Arab Emirates,AE,ARE
826,The United Kingdom of Great Britain and Northern Ireland,GB,GBR
840,The United States of America,US,USA
858,The Oriental Republic of Uruguay,UY,URY
860,The Republic of Uzbekistan,UZ,UZB
548,The Republic of Vanuatu,VU,VUT
862,The Bolivarian Republic of Venezuela,VE,VEN
704,The Socialist Republic of Viet Nam,VN,VNM
92,The Virgin Islands,VG,VGB
850,The Virgin Islands of the United States,VI,VIR
876,The Territory of the Wallis and Futuna Islands,WF,WLF
732,The Sahrawi Arab Democratic Republic,EH,ESH
887,The Republic of Yemen,YE,YEM
894,The Republic of Zambia,ZM,ZMB
716,The Republic of Zimbabwe,ZW,ZWE
